city,cloudiness,country,date,humidity,lat,lng,temp,windspeed
grindavik,75.0,IS,1596468789.0,81.0,63.84,-22.43,50.0,8.05
busselton,84.0,AU,1596468840.0,76.0,-33.65,115.33,48.99,8.81
los llanos de aridane,20.0,ES,1596468743.0,69.0,28.66,-17.92,77.0,19.46
reguengos de monsaraz,20.0,PT,1596469133.0,27.0,38.43,-7.53,97.0,17.22
taolanaro,,,,,,,,
vila velha,75.0,BR,1596468707.0,57.0,-20.33,-40.29,75.2,6.93
norman wells,20.0,CA,1596468891.0,88.0,65.28,-126.83,64.4,4.7
tiksi,6.0,RU,1596468750.0,93.0,71.69,128.87,40.89,6.02
khatanga,59.0,RU,1596468837.0,81.0,71.97,102.5,61.54,6.76
butaritari,1.0,KI,1596468751.0,75.0,3.07,172.79,82.69,18.7
kodiak,90.0,US,1596468752.0,87.0,57.79,-152.41,53.6,4.7
aykhal,0.0,RU,1596469022.0,45.0,66.0,111.5,66.2,6.71
vaini,75.0,TO,1596468740.0,100.0,-21.2,-175.2,71.6,11.41
east london,0.0,ZA,1596469134.0,9.0,-33.02,27.91,91.4,10.29
bredasdorp,0.0,ZA,1596469134.0,52.0,-34.53,20.04,68.0,14.99
cerritos,20.0,US,1596469053.0,73.0,33.86,-118.06,73.99,2.82
rikitea,44.0,PF,1596469134.0,82.0,-23.12,-134.97,73.22,17.38
alice springs,0.0,AU,1596469082.0,27.0,-23.7,133.88,50.0,3.36
jamestown,75.0,US,1596469135.0,77.0,42.1,-79.24,75.0,8.05
arraial do cabo,20.0,BR,1596468849.0,50.0,-22.97,-42.03,75.2,8.05
cidreira,83.0,BR,1596469135.0,62.0,-30.18,-50.21,72.0,3.24
yulara,0.0,AU,1596469135.0,19.0,-25.24,130.99,46.4,2.21
puerto ayora,40.0,EC,1596468835.0,78.0,-0.74,-90.35,73.4,20.8
iqaluit,75.0,CA,1596469135.0,81.0,63.75,-68.51,50.0,5.82
provideniya,96.0,RU,1596469135.0,74.0,64.38,-173.3,45.86,2.33
punta arenas,20.0,CL,1596469135.0,70.0,-53.15,-70.92,46.4,28.86
ushuaia,40.0,AR,1596469135.0,43.0,-54.8,-68.3,50.0,20.8
westport,1.0,US,1596469091.0,58.0,41.14,-73.36,84.99,16.11
suntar,2.0,RU,1596469135.0,62.0,62.14,117.63,58.15,5.41
shimoda,55.0,JP,1596469136.0,90.0,34.67,138.95,72.0,1.01
cape town,20.0,ZA,1596468880.0,72.0,-33.93,18.42,64.99,11.41
illoqqortoormiut,,,,,,,,
longyearbyen,90.0,SJ,1596469087.0,93.0,78.22,15.64,46.4,5.82
namatanai,2.0,PG,1596469136.0,81.0,-3.67,152.43,79.32,6.67
hobart,90.0,AU,1596469099.0,86.0,-42.88,147.33,39.99,3.36
hermanus,1.0,ZA,1596469136.0,72.0,-34.42,19.23,64.0,5.01
albany,100.0,US,1596468723.0,47.0,42.6,-73.97,80.01,1.99
cherskiy,40.0,RU,1596468754.0,96.0,68.75,161.3,38.25,8.19
narsaq,75.0,GL,1596468783.0,93.0,60.92,-46.05,48.2,3.36
chernyshevskiy,86.0,RU,1596469136.0,76.0,63.01,112.47,56.8,3.51
yellowknife,75.0,CA,1596468686.0,73.0,62.46,-114.35,73.0,12.75
manacapuru,20.0,BR,1596469137.0,46.0,-3.3,-60.62,91.4,5.82
perth,20.0,AU,1596468908.0,93.0,-31.93,115.83,48.0,6.93
chokurdakh,100.0,RU,1596468793.0,72.0,70.63,147.92,45.99,4.56
jawhar,81.0,SO,1596469137.0,69.0,2.78,45.5,77.58,18.86
barpathar,93.0,IN,1596469137.0,84.0,26.3,93.87,83.19,0.83
barentsburg,,,,,,,,
hovd,26.0,MN,1596469137.0,50.0,48.01,91.64,62.28,1.05
port elizabeth,0.0,ZA,1596468745.0,82.0,-33.92,25.57,64.4,20.8
boden,100.0,SE,1596468748.0,59.0,65.83,21.69,64.4,8.05
poum,92.0,NC,1596469048.0,60.0,-20.23,164.02,69.87,4.56
amderma,,,,,,,,
port hardy,90.0,CA,1596468776.0,100.0,50.7,-127.42,59.0,5.82
castro,16.0,BR,1596468775.0,47.0,-24.79,-50.01,67.87,3.2
dzhankoy,0.0,UA,1596469138.0,46.0,45.72,34.4,75.16,6.49
mataura,100.0,NZ,1596468736.0,92.0,-46.19,168.86,43.21,2.35
lorengau,9.0,PG,1596468777.0,83.0,-2.02,147.27,82.4,14.25
williston,0.0,US,1596469062.0,55.0,48.15,-103.62,71.01,5.01
gidole,92.0,ET,1596469139.0,63.0,5.65,37.37,63.19,6.53
port alfred,0.0,ZA,1596468747.0,73.0,-33.59,26.89,65.59,15.1
takhtamygda,100.0,RU,1596469140.0,93.0,54.1,123.57,57.38,6.82
kampene,0.0,CD,1596469140.0,25.0,-3.6,26.67,85.5,2.17
barrow,90.0,US,1596468764.0,88.0,71.29,-156.79,32.0,9.17
leh,3.0,IN,1596468770.0,23.0,34.17,77.58,68.23,6.15
ca mau,99.0,VN,1596469053.0,91.0,9.18,105.15,77.81,3.94
grand river south east,,,,,,,,
lebu,42.0,CL,1596468745.0,81.0,-37.62,-73.65,54.72,15.86
georgetown,20.0,MY,1596468562.0,74.0,5.41,100.34,86.0,3.36
zhangjiakou,9.0,CN,1596469141.0,53.0,40.81,114.88,71.06,3.0
angouleme,75.0,FR,1596469142.0,49.0,45.65,0.15,75.0,12.75
kununurra,14.0,AU,1596469024.0,73.0,-15.77,128.73,60.8,2.55
sakura,20.0,JP,1596469142.0,94.0,35.72,140.23,73.99,2.24
atuona,1.0,PF,1596468740.0,74.0,-9.8,-139.03,78.49,16.06
ituni,,,,,,,,
hasaki,20.0,JP,1596468804.0,94.0,35.73,140.83,73.99,2.24
oromocto,90.0,CA,1596468964.0,88.0,45.84,-66.48,75.0,6.93
clyde river,90.0,CA,1596468756.0,93.0,70.47,-68.59,46.4,5.82
mys shmidta,,,,,,,,
yvoir,40.0,BE,1596469143.0,35.0,50.33,4.88,71.6,6.93
lapeer,90.0,US,1596468891.0,88.0,43.05,-83.32,72.0,3.36
gat,0.0,IL,1596468803.0,57.0,31.61,34.76,88.0,3.0
bluff,100.0,NZ,1596468734.0,81.0,-46.6,168.33,46.96,8.05
snezhnogorsk,75.0,RU,1596469143.0,93.0,69.19,33.25,50.0,4.47
bulungu,61.0,CD,1596469143.0,24.0,-4.55,18.6,91.96,4.27
kruisfontein,11.0,ZA,1596468761.0,64.0,-34.0,24.73,66.0,11.88
evensk,2.0,RU,1596468854.0,58.0,61.95,159.23,51.49,11.1
kadykchan,,,,,,,,
boa vista,75.0,BR,1596469025.0,58.0,2.82,-60.67,87.8,4.7
homer,90.0,US,1596468965.0,93.0,59.64,-151.55,55.4,3.24
hukuntsi,0.0,BW,1596469144.0,25.0,-24.0,21.75,64.76,8.88
batagay-alyta,53.0,RU,1596469054.0,75.0,67.8,130.41,51.66,5.08
cockburn town,20.0,TC,1596468764.0,70.0,21.46,-71.14,86.0,11.41
kaitangata,99.0,NZ,1596468767.0,83.0,-46.28,169.85,48.99,4.0
faanui,2.0,PF,1596468784.0,75.0,-16.48,-151.75,78.1,10.02
ponta do sol,20.0,PT,1596468744.0,54.0,32.67,-17.1,78.8,25.28
kango,98.0,GA,1596469144.0,56.0,0.19,10.1,82.98,6.24
thinadhoo,100.0,MV,1596469144.0,77.0,0.53,72.93,83.23,10.07
novopokrovka,15.0,UA,1596469144.0,38.0,49.84,36.55,75.2,6.71
baiyin,40.0,CN,1596469144.0,93.0,36.56,104.21,73.0,2.24
molokovo,98.0,RU,1596469145.0,84.0,58.17,36.76,63.41,6.11
hamilton,40.0,US,1596468815.0,69.0,39.18,-84.53,79.0,3.36
berbera,75.0,SO,1596469145.0,53.0,10.44,45.01,90.54,11.52
bardiyah,0.0,LY,1596468764.0,61.0,31.76,25.09,83.16,16.75
fort nelson,75.0,CA,1596468969.0,93.0,58.81,-122.7,60.8,4.7
victoria,40.0,HK,1596468703.0,88.0,22.29,114.16,80.6,8.05
vardo,75.0,NO,1596468730.0,87.0,70.37,31.11,51.8,6.93
great falls,75.0,US,1596468756.0,49.0,47.5,-111.3,73.4,5.82
koshurnikovo,96.0,RU,1596469145.0,91.0,54.17,93.3,56.35,4.18
new norfolk,100.0,AU,1596468765.0,75.0,-42.78,147.06,39.0,2.19
bonthe,77.0,SL,1596469146.0,71.0,7.53,-12.51,80.24,12.59
rincon,90.0,US,1596469146.0,94.0,32.3,-81.24,80.6,13.87
san patricio,75.0,MX,1596468746.0,78.0,19.22,-104.7,82.4,5.82
charleville-mezieres,40.0,FR,1596469146.0,35.0,49.77,4.72,71.6,6.93
faya,75.0,SA,1596468742.0,78.0,18.39,42.45,86.0,13.87
ancud,90.0,CL,1596468751.0,93.0,-41.87,-73.82,50.0,5.82
yuanping,0.0,CN,1596469146.0,40.0,38.72,112.76,70.09,2.55
ramhormoz,0.0,IR,1596469146.0,7.0,31.28,49.6,116.6,19.46
iraucuba,9.0,BR,1596469147.0,34.0,-3.75,-39.78,92.88,10.47
lagoa,0.0,PT,1596469039.0,80.0,39.05,-27.98,74.26,8.05
bandarbeyla,31.0,SO,1596469021.0,53.0,9.49,50.81,84.22,26.64
lompoc,1.0,US,1596468674.0,87.0,34.64,-120.46,60.8,6.89
yanam,75.0,IN,1596469147.0,69.0,16.73,82.22,80.6,9.17
miles city,1.0,US,1596469147.0,43.0,46.41,-105.84,71.6,14.99
nuuk,75.0,GL,1596468779.0,100.0,64.18,-51.72,48.2,6.93
coquimbo,75.0,CL,1596468773.0,87.0,-29.95,-71.34,53.6,10.29
tumannyy,,,,,,,,
usinsk,41.0,RU,1596469147.0,85.0,65.99,57.53,56.43,14.27
fortuna,0.0,US,1596468747.0,83.0,40.6,-124.16,64.0,5.1
thompson,5.0,CA,1596468739.0,60.0,55.74,-97.86,71.6,4.7
hueytown,75.0,US,1596468985.0,83.0,33.45,-87.0,82.0,3.36
shitanjing,99.0,CN,1596469148.0,22.0,39.23,106.34,77.68,11.32
naliya,98.0,IN,1596469148.0,75.0,23.27,68.83,87.66,14.38
la ronge,20.0,CA,1596468951.0,60.0,55.1,-105.28,71.6,12.75
severo-kurilsk,99.0,RU,1596468766.0,93.0,50.68,156.12,52.56,13.91
mahebourg,75.0,MU,1596468736.0,68.0,-20.41,57.7,69.8,16.11
gazanjyk,1.0,TM,1596469148.0,35.0,39.24,55.52,92.68,12.03
pauini,0.0,BR,1596469148.0,28.0,-7.71,-66.98,93.72,4.7
sitka,75.0,US,1596468736.0,87.0,57.05,-135.33,57.2,1.95
maroantsetra,72.0,MG,1596469149.0,81.0,-15.43,49.73,69.1,11.61
shelburne,90.0,CA,1596468773.0,72.0,44.08,-80.2,68.0,3.47
riyadh,44.0,SA,1596468767.0,8.0,24.69,46.72,111.2,13.87
saint-philippe,75.0,RE,1596468748.0,64.0,-21.36,55.77,69.8,12.75
ostrovnoy,100.0,RU,1596468787.0,87.0,68.05,39.51,51.44,15.55
mar del plata,40.0,AR,1596468708.0,76.0,-38.0,-57.56,55.4,13.87
tsihombe,,,,,,,,
mezhdurechenskiy,95.0,RU,1596469149.0,88.0,59.6,65.93,68.0,0.85
erzincan,0.0,TR,1596469149.0,20.0,39.75,39.5,86.0,12.75
marawi,99.0,PH,1596468771.0,90.0,8.0,124.29,78.01,5.99
touros,40.0,BR,1596468682.0,65.0,-5.2,-35.46,82.4,13.87
caravelas,0.0,BR,1596468755.0,57.0,-17.71,-39.25,76.3,11.25
beira,20.0,MZ,1596469150.0,73.0,-19.84,34.84,71.6,10.29
hilo,90.0,US,1596468740.0,78.0,19.73,-155.09,73.4,8.05
andros town,40.0,BS,1596469150.0,83.0,24.7,-77.77,84.2,16.11
luderitz,0.0,NA,1596468739.0,77.0,-26.65,15.16,62.6,23.04
yining,0.0,CN,1596469150.0,84.0,29.04,114.56,79.0,1.28
nuevo casas grandes,42.0,MX,1596469150.0,45.0,30.42,-107.92,80.01,3.0
kalmar,72.0,SE,1596469151.0,40.0,56.66,16.36,71.6,10.29
funchal,20.0,PT,1596469151.0,54.0,32.63,-16.9,78.8,25.28
mutis,70.0,CO,1596469151.0,76.0,6.23,-77.4,83.43,6.67
pinega,97.0,RU,1596469151.0,73.0,64.7,43.39,58.51,5.77
alekseyevsk,8.0,RU,1596469151.0,69.0,57.84,108.35,57.92,5.1
belushya guba,,,,,,,,
leningradskiy,100.0,RU,1596468757.0,92.0,69.38,178.42,37.4,9.53
codrington,98.0,AU,1596468764.0,73.0,-38.27,141.97,41.13,17.07
presidente epitacio,0.0,BR,1596469152.0,30.0,-21.76,-52.12,84.63,10.25
avarua,14.0,CK,1596468750.0,100.0,-21.21,-159.78,59.0,3.36
tuatapere,100.0,NZ,1596468740.0,81.0,-46.13,167.68,43.77,5.82
taoudenni,0.0,ML,1596468763.0,5.0,22.68,-3.98,115.07,19.1
delijan,0.0,IR,1596469152.0,12.0,33.99,50.68,88.97,13.96
maldonado,90.0,UY,1596468885.0,100.0,-34.67,-54.92,60.01,10.29
lexington park,75.0,US,1596468908.0,74.0,38.27,-76.45,86.0,6.93
abapo,0.0,BO,1596469152.0,25.0,-18.83,-63.47,87.15,10.78
olafsvik,12.0,IS,1596468886.0,80.0,64.89,-23.71,49.35,4.61
moramanga,94.0,MG,1596469152.0,93.0,-18.93,48.2,55.8,6.24
pevek,92.0,RU,1596468766.0,90.0,69.7,170.31,35.19,9.46
campbell river,75.0,CA,1596469153.0,93.0,50.02,-125.24,64.0,2.24
nizhneyansk,,,,,,,,
labytnangi,79.0,RU,1596469153.0,74.0,66.66,66.42,61.75,7.76
itarema,12.0,BR,1596468803.0,48.0,-2.92,-39.92,88.25,14.74
wajir,75.0,KE,1596469153.0,38.0,1.75,40.06,87.8,10.29
raub,91.0,MY,1596469153.0,86.0,3.79,101.86,75.67,1.19
carnarvon,75.0,AU,1596468763.0,67.0,-24.87,113.63,62.6,13.87
samusu,,,,,,,,
valley city,1.0,US,1596468913.0,56.0,46.92,-98.0,69.8,3.36
upernavik,100.0,GL,1596468749.0,89.0,72.79,-56.15,44.1,10.27
margate,2.0,GB,1596468926.0,53.0,51.38,1.39,69.01,1.99
chalinze,79.0,TZ,1596469154.0,59.0,-6.64,38.35,76.64,8.21
souillac,75.0,MU,1596468777.0,68.0,-20.52,57.52,69.8,16.11
saint-leu,75.0,RE,1596469154.0,64.0,-21.15,55.28,69.8,12.75
saint george,1.0,US,1596468605.0,16.0,37.1,-113.58,82.0,1.7
tuktoyaktuk,90.0,CA,1596468734.0,100.0,69.45,-133.04,48.2,5.82
balabac,90.0,PH,1596469154.0,76.0,7.99,117.06,82.17,3.24
alpinopolis,0.0,BR,1596469154.0,30.0,-20.86,-46.39,73.54,6.31
nam tha,,,,,,,,
saskylakh,23.0,RU,1596468751.0,70.0,71.92,114.08,62.56,4.18
kalamakion,,,,,,,,
cortez,1.0,US,1596469155.0,36.0,37.35,-108.59,77.0,3.36
itoman,75.0,JP,1596468889.0,83.0,26.12,127.67,84.2,10.29
nyalikungu,8.0,TZ,1596469155.0,30.0,-3.18,33.78,74.07,11.86
matane,75.0,CA,1596469155.0,65.0,48.83,-67.52,80.6,20.8
ouesso,48.0,CG,1596469155.0,79.0,1.61,16.05,79.07,1.43
brae,20.0,GB,1596468751.0,82.0,60.4,-1.35,57.2,14.99
tura,92.0,IN,1596468769.0,79.0,25.52,90.22,81.91,2.51
bethel,1.0,US,1596468737.0,57.0,41.37,-73.41,81.0,11.41
riberalta,20.0,BO,1596469155.0,38.0,-10.98,-66.1,87.8,4.27
qaanaaq,100.0,GL,1596468743.0,91.0,77.48,-69.36,33.55,3.76
qaqortoq,75.0,GL,1596468753.0,93.0,60.72,-46.03,48.2,3.36
ilulissat,75.0,GL,1596468761.0,70.0,69.22,-51.1,46.4,5.82
camana,87.0,PE,1596469156.0,68.0,-16.62,-72.71,62.49,7.76
harper,83.0,LR,1596468944.0,64.0,4.38,-7.72,78.46,8.16
omboue,54.0,GA,1596469156.0,71.0,-1.57,9.26,75.9,9.91
belyy yar,71.0,RU,1596469156.0,77.0,53.6,91.39,64.4,1.34
vila franca do campo,20.0,PT,1596468807.0,73.0,37.72,-25.43,75.2,8.05
kapaa,75.0,US,1596468753.0,78.0,22.08,-159.32,78.8,17.22
tomas oppus,98.0,PH,1596469156.0,85.0,10.25,124.98,78.62,2.33
kanniyakumari,97.0,IN,1596469156.0,80.0,8.08,77.57,80.15,18.25
yoichi,100.0,JP,1596468802.0,100.0,43.2,140.77,69.01,7.0
yerbogachen,100.0,RU,1596468773.0,65.0,61.28,108.01,62.55,4.52
eureka,90.0,US,1596468809.0,93.0,40.8,-124.16,61.0,4.38
umm lajj,20.0,SA,1596468775.0,58.0,25.02,37.27,91.0,8.46
tasiilaq,90.0,GL,1596468735.0,100.0,65.61,-37.64,46.4,3.69
brzesko,100.0,PL,1596469157.0,59.0,49.97,20.61,75.99,8.43
chara,100.0,RU,1596469157.0,87.0,56.91,118.26,55.15,1.59
altay,47.0,CN,1596469157.0,35.0,47.87,88.12,65.57,5.08
pacific grove,0.0,US,1596468749.0,90.0,36.62,-121.92,61.0,3.0
jumla,94.0,NP,1596469157.0,71.0,29.27,82.18,64.71,0.98
bambous virieux,75.0,MU,1596468744.0,68.0,-20.34,57.76,71.01,16.11
tema,20.0,GH,1596469158.0,65.0,5.67,-0.02,82.4,23.04
emirdag,0.0,TR,1596469158.0,22.0,39.02,31.15,82.72,9.82
adrar,21.0,MR,1596468776.0,17.0,20.5,-10.07,106.47,12.88
biak,100.0,ID,1596469158.0,85.0,-0.91,122.88,76.12,4.83
dmitriyevka,75.0,RU,1596469158.0,88.0,54.75,55.33,64.4,8.95
gulshat,,,,,,,,
tabiauea,,,,,,,,
mount gambier,40.0,AU,1596468776.0,75.0,-37.83,140.77,41.0,11.41
saldanha,18.0,ZA,1596468758.0,63.0,-33.01,17.94,66.2,8.05
ravar,0.0,IR,1596469159.0,14.0,31.27,56.81,84.99,3.69
santo domingo,75.0,DO,1596468998.0,66.0,18.5,-69.99,89.01,6.93
niquero,99.0,CU,1596469161.0,66.0,20.04,-77.58,87.89,7.56
bar harbor,90.0,US,1596469161.0,94.0,44.39,-68.2,80.01,16.11
quelimane,12.0,MZ,1596469161.0,81.0,-17.88,36.89,67.59,5.64
dikson,90.0,RU,1596468737.0,81.0,73.51,80.55,56.86,16.75
pitimbu,20.0,BR,1596469162.0,58.0,-7.47,-34.81,84.2,19.46
nantucket,90.0,US,1596468539.0,83.0,41.28,-70.1,80.01,12.75
nikolskoye,90.0,RU,1596468825.0,77.0,59.7,30.79,63.0,8.95
andevoranto,,,,,,,,
kavaratti,100.0,IN,1596468803.0,78.0,10.57,72.64,82.54,23.47
novoagansk,25.0,RU,1596469162.0,66.0,61.94,76.66,75.94,12.24
sorland,97.0,NO,1596468786.0,63.0,67.67,12.69,66.2,3.36
deputatskiy,91.0,RU,1596468791.0,79.0,69.3,139.9,45.46,3.24
adet,100.0,ET,1596469163.0,96.0,11.26,37.49,56.62,8.84
isangel,30.0,VU,1596468789.0,63.0,-19.55,169.27,66.2,3.36
kabo,26.0,CF,1596469163.0,82.0,7.7,18.63,78.69,4.97
eskil,0.0,TR,1596469163.0,19.0,38.4,33.41,82.65,13.4
saleaula,,,,,,,,
batagay,0.0,RU,1596468795.0,85.0,67.63,134.63,48.54,4.52
samfya,29.0,ZM,1596469163.0,37.0,-11.36,29.56,69.49,1.41
hunza,,,,,,,,
hambantota,40.0,LK,1596468790.0,94.0,6.12,81.12,78.8,14.99
hualmay,59.0,PE,1596468749.0,66.0,-11.1,-77.61,64.51,7.76
axim,77.0,GH,1596469164.0,69.0,4.87,-2.24,77.36,12.21
shingu,68.0,JP,1596468773.0,85.0,33.73,135.98,73.74,4.85
mwinilunga,92.0,ZM,1596469164.0,23.0,-11.74,24.43,72.7,4.45
wanning,100.0,CN,1596468776.0,85.0,18.8,110.4,80.08,1.39
celestun,63.0,MX,1596468755.0,63.0,20.87,-90.4,86.2,6.33
jian,13.0,CN,1596468894.0,80.0,27.12,114.98,82.13,1.63
katsuura,65.0,JP,1596468777.0,90.0,35.13,140.3,78.01,1.01
kampong cham,99.0,KH,1596469164.0,90.0,11.99,105.46,77.23,7.05
port lincoln,37.0,AU,1596468767.0,69.0,-34.73,135.87,49.86,13.31
ozgon,,,,,,,,
bargal,,,,,,,,
guerrero negro,0.0,MX,1596468749.0,57.0,27.98,-114.06,77.52,9.04
batticaloa,100.0,LK,1596469165.0,62.0,7.71,81.69,83.19,12.53
ojinaga,1.0,MX,1596469165.0,37.0,29.57,-104.42,84.2,9.17
karkaralinsk,,,,,,,,
turayf,0.0,SA,1596469165.0,12.0,31.67,38.66,96.8,18.34
korla,0.0,CN,1596469165.0,18.0,41.76,86.15,88.27,6.82
khudumelapye,0.0,BW,1596469166.0,27.0,-23.88,24.75,63.34,7.63
nacozari,38.0,MX,1596469166.0,78.0,25.34,-108.26,89.01,1.01
kavieng,0.0,PG,1596468752.0,81.0,-2.57,150.8,82.08,12.46
pilao arcado,,,,,,,,
santa cruz,40.0,BO,1596468947.0,42.0,-17.8,-63.17,86.0,3.36
pochutla,90.0,MX,1596468999.0,69.0,15.74,-96.47,87.01,3.47
prince rupert,90.0,CA,1596469166.0,93.0,54.32,-130.32,57.2,9.17
ndele,72.0,CF,1596469166.0,87.0,8.41,20.65,78.58,3.49
ribeira grande,75.0,PT,1596468770.0,88.0,38.52,-28.7,77.0,6.93
giaveno,75.0,IT,1596469166.0,88.0,45.05,7.35,68.0,3.36
dabakala,95.0,CI,1596469166.0,59.0,8.37,-4.43,83.32,8.41
samarai,82.0,PG,1596468909.0,86.0,-10.62,150.67,77.56,13.58
dong hoi,100.0,VN,1596469167.0,84.0,17.48,106.6,79.52,12.91
geraldton,75.0,AU,1596468773.0,87.0,-28.77,114.6,57.2,12.75
merauke,18.0,ID,1596469167.0,85.0,-8.47,140.33,74.71,13.91
canico,20.0,PT,1596469038.0,54.0,32.63,-16.85,78.8,25.28
kahului,1.0,US,1596468748.0,61.0,20.89,-156.47,77.0,11.41
te anau,99.0,NZ,1596468808.0,86.0,-45.42,167.72,42.39,2.19
bonfim,19.0,BR,1596468750.0,55.0,3.08,-59.95,88.43,6.89
alofi,75.0,NU,1596468746.0,100.0,-19.06,-169.92,73.4,10.29
pangnirtung,90.0,CA,1596468775.0,100.0,66.15,-65.71,48.2,12.75
sehithwa,0.0,BW,1596469167.0,22.0,-20.47,22.72,70.79,6.76
naze,26.0,JP,1596468872.0,83.0,28.37,129.48,82.4,4.7
binzhou,42.0,CN,1596469168.0,71.0,37.37,118.02,91.0,12.08
sterlibashevo,100.0,RU,1596469168.0,81.0,53.44,55.26,61.48,17.4
bonavista,80.0,CA,1596468759.0,78.0,48.65,-53.11,68.0,1.99
impfondo,91.0,CG,1596469168.0,75.0,1.64,18.07,78.67,3.89
broome,75.0,US,1596468793.0,68.0,42.25,-75.83,75.99,9.17
bangsund,75.0,NO,1596469168.0,93.0,64.4,11.39,57.2,9.17
hithadhoo,89.0,MV,1596468774.0,78.0,-0.6,73.08,83.03,11.34
rocha,99.0,UY,1596469168.0,88.0,-34.48,-54.33,63.36,5.88
naples,20.0,IT,1596468958.0,66.0,40.83,14.25,86.0,10.29
emba,95.0,KZ,1596469169.0,15.0,48.83,58.14,92.35,9.75
college,90.0,US,1596468793.0,87.0,64.86,-147.8,55.4,5.82
ye,,,,,,,,
dubbo,50.0,AU,1596469169.0,100.0,-32.25,148.62,37.4,4.7
kalabo,0.0,ZM,1596469169.0,19.0,-14.97,22.68,74.84,5.77
torbay,75.0,CA,1596468779.0,60.0,47.67,-52.73,79.0,12.75
kurilsk,90.0,RU,1596469169.0,91.0,45.23,147.88,60.89,2.82
airai,72.0,TL,1596468752.0,100.0,-8.93,125.41,53.83,1.25
coihaique,75.0,CL,1596468748.0,93.0,-45.58,-72.07,41.0,3.36
carauari,52.0,BR,1596469170.0,34.0,-4.88,-66.9,92.68,4.7
aripuana,0.0,BR,1596469170.0,22.0,-9.17,-60.63,94.95,4.7
hami,71.0,CN,1596468959.0,12.0,42.8,93.45,90.81,14.72
yilan,75.0,TW,1596469170.0,94.0,24.76,121.75,82.0,3.36
vynohradove,15.0,UA,1596469170.0,30.0,46.37,32.94,80.6,2.24
warqla,,,,,,,,
svetlogorsk,51.0,BY,1596469170.0,68.0,52.63,29.73,70.88,6.78
anadyr,20.0,RU,1596468735.0,81.0,64.75,177.48,50.0,4.47
tarakan,90.0,ID,1596469171.0,80.0,3.3,117.63,81.5,8.9
manta,40.0,EC,1596469023.0,74.0,-0.95,-80.73,78.8,12.75
tabou,52.0,CI,1596468805.0,65.0,4.42,-7.35,78.12,8.75
roma,75.0,US,1596468965.0,78.0,43.21,-75.46,73.99,6.93
altamira,75.0,BR,1596468889.0,62.0,-3.2,-52.21,89.6,8.05
tanakpur,100.0,IN,1596469171.0,79.0,29.08,80.12,81.84,2.8
teguldet,14.0,RU,1596468762.0,78.0,57.31,88.17,63.59,5.08
montepuez,16.0,MZ,1596469171.0,50.0,-13.13,39.0,72.34,4.85
finta,,,,,,,,
tunghsiao,,,,,,,,
goderich,81.0,CA,1596468998.0,80.0,43.75,-81.72,73.0,1.99
karratha,0.0,AU,1596468767.0,53.0,-20.74,116.85,69.22,11.39
priargunsk,86.0,RU,1596469172.0,93.0,50.37,119.1,56.91,5.82
blonduos,,,,,,,,
ambovombe,0.0,MG,1596469172.0,73.0,-25.17,46.08,65.55,18.41
koulamoutou,88.0,GA,1596469172.0,51.0,-1.13,12.47,85.17,1.95
bengkulu,100.0,ID,1596468782.0,91.0,-3.8,102.27,77.09,6.64
berlevag,75.0,NO,1596468845.0,93.0,70.86,29.09,48.2,5.82
nome,1.0,US,1596468793.0,87.0,64.5,-165.41,48.0,9.17
conceicao do araguaia,28.0,BR,1596469172.0,35.0,-8.26,-49.26,89.6,13.87
mana,0.0,GF,1596469172.0,62.0,5.66,-53.78,85.78,7.47
sao miguel do araguaia,0.0,BR,1596468812.0,26.0,-13.28,-50.16,90.45,7.14
san cristobal,40.0,VE,1596468585.0,46.0,7.77,-72.22,89.6,19.46
opuwo,0.0,NA,1596468773.0,15.0,-18.06,13.84,79.52,10.02
nagar karnul,100.0,IN,1596469173.0,81.0,16.48,78.32,76.33,13.87
canutama,0.0,BR,1596469173.0,24.0,-6.53,-64.38,95.65,4.85
burica,,,,,,,,
machiques,83.0,VE,1596469173.0,65.0,10.06,-72.55,88.29,4.99
lubawa,100.0,PL,1596469173.0,88.0,53.5,19.75,64.0,1.05
muzhi,44.0,RU,1596469173.0,77.0,65.37,64.67,59.36,4.68
kapustin yar-1,,,,,,,,
camopi,2.0,GF,1596468722.0,46.0,3.17,-52.32,90.0,4.65
morondava,0.0,MG,1596469174.0,66.0,-20.28,44.28,73.29,9.86
ust-nera,77.0,RU,1596469174.0,43.0,64.57,143.2,57.58,3.91
makakilo city,20.0,US,1596468766.0,78.0,21.35,-158.09,77.0,4.7
antofagasta,75.0,CL,1596468765.0,62.0,-23.65,-70.4,59.0,5.82
cabatuan,93.0,PH,1596469174.0,86.0,10.88,122.49,77.36,4.83
atka,,,,,,,,
pokrovsk-uralskiy,,,,,,,,
umm kaddadah,65.0,SD,1596469174.0,36.0,13.6,26.69,89.64,15.7
rorvik,75.0,NO,1596469174.0,100.0,64.86,11.24,55.4,16.11
mbaiki,92.0,CF,1596469174.0,85.0,3.87,17.99,77.07,2.86
nosy varika,38.0,MG,1596468753.0,77.0,-20.58,48.53,67.53,7.99
griffith,90.0,US,1596469175.0,82.0,41.53,-87.42,71.01,11.41
beryslav,19.0,UA,1596469175.0,45.0,46.84,33.43,76.06,4.14
urumqi,100.0,CN,1596468856.0,30.0,43.8,87.6,82.99,2.24
bolungarvik,,,,,,,,
cabedelo,20.0,BR,1596468887.0,58.0,-6.98,-34.83,84.2,19.46
tautira,40.0,PF,1596468734.0,78.0,-17.73,-149.15,73.4,4.7
krasnoselkup,0.0,RU,1596468789.0,58.0,65.7,82.47,66.9,11.9
bathsheba,40.0,BB,1596468745.0,70.0,13.22,-59.52,87.8,13.87
ayan,51.0,RU,1596468813.0,80.0,56.45,138.17,53.47,8.43
la sarre,100.0,CA,1596469175.0,66.0,48.8,-79.2,57.11,8.43
piopio,5.0,NZ,1596469175.0,85.0,-38.47,175.02,45.0,0.98
najran,75.0,SA,1596469176.0,29.0,17.49,44.13,98.6,8.05
mugur-aksy,18.0,RU,1596469176.0,78.0,50.35,90.5,46.67,2.17
attawapiskat,,,,,,,,
portales,0.0,US,1596469176.0,61.0,34.19,-103.33,75.99,7.38
vaitupu,,,,,,,,
constantine,65.0,DZ,1596468915.0,42.0,36.37,6.61,84.31,11.14
fairbanks,20.0,US,1596468545.0,93.0,64.84,-147.72,55.4,5.19
rovaniemi,32.0,FI,1596468594.0,40.0,66.5,25.72,68.0,4.7
jabiru,,,,,,,,
vezirkopru,20.0,TR,1596469177.0,41.0,41.14,35.45,75.2,21.92
sungurlare,20.0,BG,1596469177.0,32.0,42.77,26.78,84.2,13.87
bella union,0.0,UY,1596469177.0,62.0,-30.28,-57.6,77.07,11.59
zhangye,100.0,CN,1596469066.0,42.0,38.93,100.45,76.75,1.48
agropoli,25.0,IT,1596469177.0,70.0,40.35,15.0,86.0,8.05
bayan,97.0,CN,1596469177.0,83.0,46.08,127.4,73.0,5.1
cowra,78.0,AU,1596469177.0,85.0,-33.83,148.68,39.0,4.7
dunedin,72.0,NZ,1596468814.0,84.0,-45.87,170.5,48.99,5.01
sedelnikovo,,,,,,,,
pemba,20.0,MZ,1596469178.0,69.0,-12.97,40.52,77.0,16.11
abalak,63.0,RU,1596469178.0,62.0,58.13,68.59,74.55,4.38
ugoofaaru,100.0,MV,1596468755.0,81.0,5.67,73.0,82.49,15.23
luanda,20.0,AO,1596468773.0,73.0,-8.84,13.23,75.2,10.29
tharad,73.0,IN,1596469178.0,58.0,24.4,71.63,91.76,7.76
steamboat springs,1.0,US,1596469178.0,45.0,40.48,-106.83,70.0,3.36
khani,42.0,GE,1596468774.0,57.0,41.96,42.96,78.8,11.41
pangody,93.0,RU,1596469178.0,81.0,65.85,74.49,67.98,9.57
harlingen,1.0,US,1596469179.0,88.0,26.19,-97.7,87.01,2.42
derzhavinsk,0.0,KZ,1596468813.0,38.0,51.1,66.32,80.94,10.78
husavik,90.0,IS,1596468808.0,81.0,66.04,-17.34,53.6,11.41
dyakonovo,,,,,,,,
half moon bay,1.0,US,1596468947.0,93.0,37.46,-122.43,68.0,7.23
galiwinku,,,,,,,,
turinskaya sloboda,91.0,RU,1596469180.0,86.0,57.62,64.39,70.97,2.73
tubruq,,,,,,,,
ous,100.0,RU,1596469180.0,66.0,60.91,61.52,62.64,2.82
eyl,94.0,SO,1596468981.0,46.0,7.98,49.82,87.06,25.55
york,1.0,US,1596469181.0,54.0,40.13,-77.0,80.6,6.93
qandahar,,,,,,,,
remanso,10.0,BR,1596469181.0,39.0,-9.62,-42.08,82.81,9.51
eagle pass,5.0,US,1596469181.0,70.0,28.71,-100.5,84.2,5.26
ola,19.0,RU,1596468866.0,81.0,59.58,151.28,51.85,0.94
sola,90.0,VU,1596469182.0,78.0,-13.88,167.55,78.8,5.82
bazaliya,15.0,UA,1596469182.0,72.0,49.71,26.47,71.58,8.79
karaul,,,,,,,,
nanortalik,100.0,GL,1596468760.0,92.0,60.14,-45.24,44.8,8.23
hofn,75.0,IS,1596468775.0,87.0,64.25,-15.21,53.6,10.29
bundaberg,0.0,AU,1596468759.0,93.0,-24.85,152.35,55.0,5.82
saint-francois,83.0,FR,1596469183.0,52.0,46.42,3.91,68.0,11.41
wexford,40.0,IE,1596469183.0,72.0,52.33,-6.46,64.0,11.41
skibbereen,75.0,IE,1596469183.0,55.0,51.55,-9.27,64.4,11.41
oksfjord,1.0,NO,1596469183.0,67.0,70.24,22.35,62.6,5.82
maraa,76.0,BR,1596469183.0,58.0,-1.83,-65.37,85.66,2.13
juneau,90.0,US,1596469113.0,93.0,58.3,-134.42,57.0,5.82
eisiskes,54.0,LT,1596469183.0,36.0,54.17,25.0,78.8,11.41
tilichiki,76.0,RU,1596469055.0,92.0,60.47,166.1,46.4,0.74
kutum,81.0,SD,1596468762.0,71.0,14.2,24.67,71.87,17.34
grootfontein,0.0,NA,1596469183.0,21.0,-19.57,18.12,70.77,6.98
guilin,75.0,CN,1596469184.0,94.0,25.28,110.29,80.6,1.25
padang,99.0,ID,1596468737.0,79.0,-0.95,100.35,78.91,2.08
krasnoarmeysk,3.0,RU,1596468808.0,36.0,51.02,45.7,73.99,4.0
macheng,46.0,CN,1596469184.0,76.0,31.18,115.03,82.69,2.3
podor,75.0,MR,1596469184.0,56.0,16.65,-14.96,95.0,2.24
ust-ilimsk,78.0,RU,1596469184.0,59.0,58.0,102.66,63.81,2.01
limbang,75.0,MY,1596469184.0,79.0,4.75,115.0,84.2,1.12
seydi,0.0,TM,1596469184.0,13.0,39.48,62.91,93.51,9.57
nhulunbuy,90.0,AU,1596469184.0,88.0,-12.23,136.77,71.6,7.81
mandalgovi,10.0,MN,1596468784.0,75.0,45.76,106.27,59.09,13.69
cayenne,75.0,GF,1596468608.0,55.0,4.93,-52.33,89.6,5.82
esperance,75.0,AU,1596468750.0,100.0,-33.87,121.9,48.2,8.05
myanaung,100.0,MM,1596469185.0,96.0,18.28,95.32,76.87,5.95
alamogordo,1.0,US,1596469185.0,56.0,32.9,-105.96,73.4,5.3
mogadishu,75.0,SO,1596469064.0,69.0,2.04,45.34,78.8,23.04
manoel urbano,0.0,BR,1596469185.0,30.0,-8.84,-69.26,92.3,3.98
tiarei,40.0,PF,1596469185.0,78.0,-17.53,-149.33,73.4,4.7
general pico,100.0,AR,1596469185.0,83.0,-35.66,-63.76,62.91,9.08
puno,0.0,PE,1596469185.0,17.0,-15.83,-70.03,53.6,2.24
bafra,40.0,TR,1596469186.0,50.0,41.57,35.91,78.8,6.93
inverness,20.0,GB,1596469186.0,59.0,57.48,-4.22,64.0,12.75
penzance,20.0,GB,1596469186.0,72.0,50.12,-5.54,66.0,12.75
xai-xai,0.0,MZ,1596469186.0,74.0,-25.05,33.64,65.89,9.42
mehamn,90.0,NO,1596469186.0,100.0,71.04,27.85,48.2,3.36
buraydah,75.0,SA,1596468769.0,20.0,26.33,43.98,111.2,16.11
wagar,100.0,SD,1596468966.0,69.0,16.15,36.2,80.69,17.83
arrecife,20.0,ES,1596469186.0,58.0,28.96,-13.55,82.4,26.4
salalah,40.0,OM,1596468763.0,83.0,17.02,54.09,84.2,5.82
wasilla,90.0,US,1596469161.0,93.0,61.58,-149.44,54.0,4.65
pisco,40.0,PE,1596468502.0,72.0,-13.7,-76.22,64.4,5.82
gangotri,,,,,,,,
saint-pierre,75.0,RE,1596468765.0,64.0,-21.34,55.48,69.8,12.75
muros,40.0,ES,1596469029.0,60.0,42.78,-9.06,77.0,5.82
seymchan,76.0,RU,1596469187.0,76.0,62.88,152.43,46.2,0.78
marcona,,,,,,,,
port blair,100.0,IN,1596468859.0,81.0,11.67,92.75,82.29,24.23
ribeirao preto,0.0,BR,1596469187.0,27.0,-21.18,-47.81,77.0,6.93
black river,75.0,JM,1596469187.0,74.0,18.03,-77.85,89.01,6.93
broadstairs,1.0,GB,1596469058.0,53.0,51.36,1.44,69.01,1.99
collie,57.0,AU,1596469187.0,76.0,-33.37,116.15,48.0,4.03
boulder,1.0,US,1596469188.0,68.0,40.08,-105.35,70.0,2.73
vao,89.0,NC,1596468774.0,69.0,-22.67,167.48,68.13,9.93
nogliki,86.0,RU,1596469188.0,93.0,51.83,143.17,50.65,12.06
san quintin,47.0,MX,1596468570.0,82.0,30.48,-115.95,67.87,3.49
orlik,100.0,RU,1596469188.0,84.0,52.52,99.83,50.68,0.89
buqayq,,,,,,,,
dorogino,9.0,RU,1596469188.0,78.0,54.36,83.32,63.46,11.63
bowen,75.0,AU,1596468805.0,87.0,-20.02,148.23,64.99,6.93
roscommon,75.0,IE,1596468889.0,54.0,53.63,-8.18,59.0,5.82
barreirinha,20.0,BR,1596469188.0,30.0,-2.79,-57.07,97.65,4.68
mazagao,40.0,BR,1596469188.0,66.0,-0.12,-51.29,89.6,6.93
atar,49.0,MR,1596468738.0,18.0,20.52,-13.05,107.01,12.33
namibe,20.0,AO,1596468769.0,69.0,-15.2,12.15,75.2,12.75
pandan,83.0,PH,1596469189.0,84.0,14.05,124.17,80.42,5.08
phan thiet,87.0,VN,1596469189.0,87.0,10.93,108.1,77.86,7.54
sambava,51.0,MG,1596469189.0,75.0,-14.27,50.17,71.58,19.75
nemuro,100.0,JP,1596469041.0,93.0,43.32,145.57,64.15,12.57
kalmunai,100.0,LK,1596468743.0,61.0,7.42,81.82,83.14,6.2
balkhash,52.0,KZ,1596469189.0,36.0,46.84,74.98,79.16,14.92
uspenka,67.0,UA,1596469189.0,46.0,48.39,39.16,74.14,4.27
talnakh,91.0,RU,1596468747.0,77.0,69.49,88.4,62.6,4.47
aflu,,,,,,,,
kayerkan,86.0,RU,1596469189.0,77.0,69.35,87.76,62.6,4.47
araguacu,13.0,BR,1596469190.0,26.0,-12.93,-49.83,91.38,7.85
maragogi,74.0,BR,1596468726.0,69.0,-9.01,-35.22,78.44,14.81
miranorte,,,,,,,,
tual,55.0,ID,1596469068.0,82.0,-5.67,132.75,78.1,16.24
barcelos,20.0,PT,1596469190.0,82.0,41.54,-8.62,77.0,14.99
hudiksvall,0.0,SE,1596468983.0,53.0,61.73,17.1,69.01,4.0
sainte-maxime,0.0,FR,1596468755.0,25.0,43.3,6.63,87.8,26.4
fallon,1.0,US,1596468998.0,17.0,39.47,-118.78,78.01,5.82
canberra,70.0,AU,1596468988.0,93.0,-35.28,149.13,41.0,4.7
severomuysk,0.0,RU,1596469190.0,94.0,56.15,113.43,47.21,3.06
cabo rojo,8.0,PR,1596469191.0,73.0,18.09,-67.15,89.01,5.99
lazarev,98.0,RU,1596469191.0,86.0,52.23,141.51,53.11,13.51
saqqez,0.0,IR,1596469191.0,18.0,36.25,46.27,76.82,5.84
cotonou,40.0,BJ,1596469191.0,74.0,6.37,2.42,80.6,19.46
haines junction,100.0,CA,1596468837.0,68.0,60.75,-137.51,50.7,3.51
beringovskiy,100.0,RU,1596468784.0,63.0,63.05,179.32,48.87,1.95
iralaya,75.0,HN,1596469191.0,74.0,15.0,-83.23,86.0,4.7
mount isa,0.0,AU,1596469191.0,34.0,-20.73,139.5,51.8,2.24
nishihara,75.0,JP,1596468797.0,83.0,26.18,127.76,84.2,10.29
lyubeshiv,,,,,,,,
reshetylivka,15.0,UA,1596469192.0,47.0,49.56,34.08,74.01,4.12
kloulklubed,75.0,PW,1596469192.0,94.0,7.04,134.26,77.0,10.11
polyarnyy,75.0,RU,1596469192.0,93.0,69.2,33.45,50.0,4.47
mirnyy,2.0,RU,1596469192.0,55.0,62.54,113.96,60.8,6.71
bilibino,88.0,RU,1596468768.0,88.0,68.05,166.44,42.91,2.48
kapoeta,51.0,SS,1596469192.0,60.0,4.77,33.59,78.26,4.32
gerardmer,100.0,FR,1596469192.0,60.0,48.07,6.88,73.4,3.36
sentyabrskiy,,,,,,,,
kaeo,26.0,NZ,1596468774.0,3.0,-35.1,173.78,52.0,1.01
dingle,95.0,PH,1596468799.0,86.0,11.0,122.67,77.5,4.09
saint-joseph,75.0,RE,1596469193.0,64.0,-21.37,55.62,69.8,12.75
boleslawiec,100.0,PL,1596469193.0,89.0,51.26,15.57,64.99,3.0
morehead,40.0,US,1596469193.0,69.0,37.27,-87.18,79.0,3.36
vilyuysk,0.0,RU,1596469193.0,59.0,63.76,121.62,56.89,3.56
mahibadhoo,100.0,MV,1596469193.0,76.0,3.78,72.97,83.43,12.24
minna,100.0,NG,1596469193.0,96.0,9.61,6.56,71.31,1.59
parana,80.0,AR,1596469193.0,54.0,-31.73,-60.52,75.56,10.67
sajkas,16.0,RS,1596469193.0,33.0,45.27,20.09,93.2,10.29
keffi,100.0,NG,1596469193.0,90.0,8.85,7.87,73.36,5.35
waw,48.0,SS,1596469193.0,79.0,7.7,28.0,79.07,0.65
tromso,0.0,NO,1596469194.0,63.0,69.65,18.96,60.8,6.93
buala,2.0,SB,1596469194.0,79.0,-8.14,159.59,80.31,6.38
cordoba,3.0,AR,1596469151.0,44.0,-31.41,-64.18,78.8,16.11
matara,100.0,LK,1596468871.0,85.0,5.95,80.54,78.4,9.71
verkhnevilyuysk,51.0,RU,1596469057.0,65.0,63.45,120.32,56.05,4.03
mizan teferi,97.0,ET,1596469194.0,93.0,6.98,35.58,63.81,0.87
itapua poty,,,,,,,,
cirie,75.0,IT,1596469194.0,82.0,45.24,7.6,69.01,4.7
bumba,93.0,CD,1596469194.0,88.0,2.18,22.47,77.72,0.89
natitingou,75.0,BJ,1596468744.0,65.0,10.3,1.38,80.6,9.17
maningrida,16.0,AU,1596469194.0,91.0,-12.07,134.27,69.17,7.74
karakendzha,,,,,,,,
takayama,53.0,JP,1596469195.0,96.0,36.13,137.25,80.01,1.95
basco,100.0,PH,1596469195.0,76.0,20.45,121.97,84.29,8.61
ketchikan,90.0,US,1596468769.0,100.0,55.34,-131.65,57.2,9.17
akyab,100.0,MM,1596468758.0,86.0,20.15,92.9,81.93,3.98
palembang,81.0,ID,1596469195.0,92.0,-2.92,104.75,76.32,4.32
sao filipe,21.0,CV,1596468763.0,73.0,14.9,-24.5,79.86,10.94
dodge city,75.0,US,1596469195.0,77.0,37.75,-100.02,69.01,4.7
atikokan,6.0,CA,1596469195.0,40.0,48.76,-91.62,68.56,5.59
aklavik,75.0,CA,1596468733.0,93.0,68.22,-135.01,55.4,4.7
magugu,5.0,TZ,1596469196.0,50.0,-4.02,35.77,68.11,1.77
morros,11.0,BR,1596468515.0,30.0,-9.45,-46.3,87.26,14.38
huarmey,66.0,PE,1596469055.0,68.0,-10.07,-78.15,65.37,7.85
metro,62.0,ID,1596469196.0,88.0,-5.11,105.31,75.61,4.97
boddam,99.0,GB,1596469196.0,55.0,57.47,-1.78,60.8,5.82
lufkin,1.0,US,1596469196.0,65.0,31.34,-94.73,86.0,9.17
hanyang,97.0,CN,1596469197.0,92.0,32.14,105.51,73.42,1.21
alquizar,40.0,CU,1596469197.0,70.0,22.81,-82.58,87.8,2.24
sao sebastiao,0.0,BR,1596469178.0,57.0,-23.76,-45.41,72.84,2.57
ambilobe,27.0,MG,1596468733.0,63.0,-13.2,49.05,73.6,4.76
nelspruit,0.0,ZA,1596469197.0,30.0,-25.47,30.97,69.8,6.93
cravo norte,16.0,CO,1596468795.0,64.0,6.3,-70.2,86.36,10.63
xiashi,68.0,CN,1596469197.0,79.0,30.54,120.69,84.99,6.71
fukue,81.0,JP,1596468753.0,82.0,32.69,128.84,81.12,16.49
saint-augustin,98.0,CA,1596468796.0,86.0,51.23,-58.65,66.06,13.44
cedar city,1.0,US,1596469197.0,18.0,37.68,-113.06,73.4,6.33
sobolevo,93.0,RU,1596469198.0,81.0,54.43,31.9,66.54,6.31
alberton,68.0,CA,1596469198.0,75.0,46.82,-64.07,75.49,20.54
delta del tigre,14.0,UY,1596469198.0,73.0,-34.76,-56.39,71.01,11.41
grants pass,1.0,US,1596469198.0,59.0,42.44,-123.33,64.4,1.16
mahina,40.0,PF,1596469199.0,78.0,-17.51,-149.49,73.4,4.7
lolua,,,,,,,,
naron,96.0,ES,1596469199.0,84.0,43.52,-8.15,69.01,7.74
roebourne,0.0,AU,1596469199.0,57.0,-20.78,117.13,68.94,10.65
babstovo,100.0,RU,1596469199.0,97.0,48.12,132.48,60.82,8.77
hirara,100.0,JP,1596468654.0,78.0,24.8,125.28,84.81,21.14
gewane,100.0,ET,1596469200.0,70.0,10.17,40.65,76.98,6.31
wufeng,9.0,CN,1596469200.0,99.0,27.45,104.83,62.67,4.7
pacifica,20.0,US,1596468723.0,77.0,37.61,-122.49,62.01,16.11
richards bay,0.0,ZA,1596468925.0,48.0,-28.78,32.04,72.09,11.5
lazaro cardenas,100.0,MX,1596469201.0,74.0,17.96,-102.2,85.37,4.03
nazas,1.0,MX,1596469201.0,31.0,25.23,-104.13,78.64,5.66
jinka,90.0,ET,1596469202.0,60.0,5.65,36.65,68.68,1.86
jorpeland,20.0,NO,1596469202.0,63.0,59.02,6.04,60.8,11.41
portland,40.0,US,1596468918.0,72.0,45.52,-122.68,66.99,3.36
sur,7.0,OM,1596469202.0,61.0,22.57,59.53,89.1,15.01
sakakah,0.0,SA,1596468785.0,9.0,29.97,40.21,102.2,18.34
cap malheureux,82.0,MU,1596468875.0,62.0,-19.98,57.61,71.01,5.99
awjilah,0.0,LY,1596469202.0,15.0,29.11,21.29,101.03,11.83
daru,99.0,PG,1596469203.0,86.0,-9.08,143.21,75.43,12.28
hervey bay,34.0,AU,1596469203.0,93.0,-25.3,152.85,55.0,5.82
krasnovishersk,100.0,RU,1596468746.0,70.0,60.41,57.08,59.36,3.62
constitucion,31.0,CL,1596468739.0,72.0,-35.33,-72.42,58.06,2.28
qui nhon,96.0,VN,1596469203.0,73.0,13.77,109.23,83.03,7.27
alugan,100.0,PH,1596468788.0,79.0,12.22,125.48,81.68,1.72
moses lake,1.0,US,1596469204.0,49.0,47.13,-119.28,75.2,10.29
san joaquin,19.0,VE,1596469204.0,62.0,10.26,-67.79,82.78,9.55
sinnamary,0.0,GF,1596469204.0,63.0,5.38,-52.95,85.35,8.46
wa,,,,,,,,
okhotsk,39.0,RU,1596468851.0,80.0,59.38,143.3,56.39,5.06
tazmalt,73.0,DZ,1596469204.0,22.0,36.39,4.4,98.08,12.12
alta floresta,0.0,BR,1596468784.0,31.0,-9.88,-56.09,91.4,12.75
labuhan,30.0,ID,1596468811.0,82.0,-6.88,112.21,78.39,9.33
